id,tweet,date,retweets_count,replies_count,likes_count,quote_url
1577654769098842112,Ya estÃ¡n aquÃ­ nuestros primeros mini emprendedores ğŸ¤© pasÃ¡ndoselo en grande mientras empiezan el proceso de ideaciÃ³n de sus proyectos-   Con el programa de @GenyusSchool descubren su YO emprendedor mientras se diviertenğŸ‘  Â¡AÃºn estÃ¡s a tiempo!ğŸ‘‰ https://t.co/uaEMCO1jGy  https://t.co/80gibJEUcI,2022-10-05,2,0,3,
1577564440530124802,Â¡Feliz DÃ­a a nuestros Lead Instructors y Teacher Assistants! ğŸ‰ Sabemos que en ocasiones un #bootcamp es duro para tod@s pero cada dÃ­a dais el ğŸ’¯%  Â¡Gracias por hacer lo #digital mucho mÃ¡s fÃ¡cil!  #diamundialdelosdocentes #data #ciber #desarrollowebfullstack #mkt #uxui #cloud  https://t.co/Qnehy8ODCq,2022-10-05,2,0,2,
1577334577701453827,"Recordaros que la semana que viene tenemos la primera quedada #CPS en Madrid, en @TheBridge_Tech, en el que tendremos la gran suerte de contar con @Recuenco para que nos dÃ© una charla. Las plazas se han agotado, pero os podÃ©is apuntar al grupo para prÃ³ximas quedadas ğŸš€",2022-10-04,2,0,12,
1576951801047179264,"Â¡Vuelven las #becas Digital Talent Pipeline!  1âƒ£0âƒ£0âƒ£ becas para formarte en la prÃ³xima ediciÃ³n de nuestros #bootcamp en Madrid, Valencia y Sevilla.  Â¡Solicita ya tu beca!ğŸƒâ€â™€ï¸ https://t.co/V5kikwpJrD  #dtp #becasformacion #digitaltalent  https://t.co/q7RVbD2iLU",2022-10-03,1,0,1,
1576902991507922944,El desarrollador web es uno de los perfiles mÃ¡s demandados en el mercado laboral ğŸ“ˆ  Descubre nuestro #bootcamp Desarrollo Web Full Stack de la mano de @TheBridge_Tech ğŸ’»  Toda la informaciÃ³n aquÃ­! ğŸ‘‡  https://t.co/LOoTu97aQq  https://t.co/xpaAzxXSDX,2022-10-03,3,0,3,
1576856703349374976,@jorgegrev @TheBridge_Tech Enhorabuena crack!,2022-10-03,0,0,1,
1575217357105946624,Hoy por fin ve la luz mi primer Case Study pÃºblico. Un trabajo intensivo de fin de bootcamp realizado con un cliente real @emancipaTIC  y dos semanas para que las 5 verticales en @TheBridge_Tech hiciÃ©semos realidad un MVP. Os invito a verlo y dar feedback.  https://t.co/rkCjxulYS9  https://t.co/PqM0dvxj3X,2022-09-28,3,0,4,
1575074337761132545,Â¡Nuevo acuerdo de colaboraciÃ³n con @michaelpage_es! ğŸ¤  ğŸ‘©â€ğŸ’»Alianza clave en nuestro objetivo de reducir la brecha de competencias digitales y dotar de profesionales tÃ©cnicos a las empresas.  #brechadigital #empleabilidad #digitaltalent  https://t.co/tEFiLxMjnA,2022-09-28,1,0,4,
1574849353172373504,"Â¿Eres o quieres ser talento IT y estÃ¡s en EspaÃ±a? ğŸ‡ªğŸ‡¸ Si la respuesta es sÃ­, te contamos que tenemos alianzas con @IDBootcamps y @TheBridge_TechğŸ’»  Estamos felices abrir nuestras puertas para que estudiantes de nuestros partners se conviertan en futuros Yellowers ğŸ¥³",2022-09-27,1,1,2,
1574307391029579777,Â¡Estamos muy orgullosos de formar equipo junto a @Stemdo_io! Participando en la formaciÃ³n de sus futuros empleados con el #bootcamp de #cloud y #devops ğŸ§‘â€ğŸ’»  Ayudando a desarrollar el talento y empleo digital en zonas con alta tasa de paro y pocas oportunidades en el sector #STEM.,2022-09-26,2,0,3,https://twitter.com/david_bonilla/status/1572909321913962496
1573246948693651456,Y seguimos con lo prometido:  Primera quedada de la comunidad #CPS en Madrid ğŸš€:  https://t.co/xnWjKu6fPi en un espacio cedido por @TheBridge_Tech.,2022-09-23,7,0,20,
1573232184454172674,@TheBridge_Tech @valerybriz @graphext Â¡Muchas gracias a @TheBridge_Tech por alojarnos! ğŸ”¥,2022-09-23,0,0,1,
1573210903343992833,Ayer pudimos disfrutar del eventazo de @PyDataMadrid en nuestro palacioğŸ™ŒConocimos un montÃ³n sobre acelerar flujos de datos y modelos de aprendizaje Â¡@valerybriz y @graphext gracias por venir!  #datascience #Python  https://t.co/gh9kVA0KdD,2022-09-23,4,1,7,
1572916570153979905,Estamos muy contentos de colaborar desde @TheBridge_Tech en esta iniciativa de @Stemdo_io porque tenemos que colaborar entre todos para desarrollar e incrementar la disponibilidad del talento,2022-09-22,0,0,2,https://twitter.com/david_bonilla/status/1572909321913962496
1572869114896568321,"Â¿Buscando un empleo en #DataScience? Asiste a AI Careers, el primer evento en AnalÃ­tica de Datos e Inteligencia Artificial del mundo hispano-hablante.  Â¡Impulsa tu carrera y conecta con empresas y expertos! @AI_Network_es   ğŸ“…30 sep ğŸŸEntradas  https://t.co/V5FFLIOXEs  https://t.co/hwwoCo1ga0",2022-09-22,2,0,1,
1571528997971922945,@valerybriz @graphext @TheBridge_Tech Hemos llenado el aforo âš ï¸ pero Â¡aÃºn estÃ¡s a tiempo de apuntarte a la lista de espera! Â¡Nos vemos el jueves!,2022-09-18,0,0,1,
1570744256104628226,"Next week we are collaborating with ğŸ @PyDataMadrid, @IEBigData, and @TheBridge_Tech  to talk about ğŸ”¥Accelerating Data Flows and Learning Models ğŸ”¥ ğŸš¨ Registration link:  https://t.co/vYRfSNtrLi  https://t.co/HdivFcsG7u",2022-09-16,1,1,2,
1570708211866677249,Esta semana la gerente de @BiohubVLC @sabrinafemenia ha  firmado un convenio de colaboraciÃ³n con @TheBridge_Tech para cubrir la demanda de profesionales #tech en el sector #salud  Consulta toda la informaciÃ³n sobre el acuerdo  https://t.co/YvwLOPIVV0  https://t.co/7tGh7BzxWg,2022-09-16,0,0,2,
1570687218565656577,â— Interesante beca formativa.  â„¹ Desde el COITCV-AVIT hemos firmando un convenio de colaboraciÃ³n con @TheBridge_Tech gracias al cual nuestros asociados y colegiados disfrutarÃ¡n de una beca en el programa Bootcamp de #Ciberseguridad.  Toda la info ğŸ‘‡  https://t.co/y45Trv55Ao,2022-09-16,0,0,0,
1570460916478611457,"@AnaWhitewolf @IronhackMAD @ISDICoders @Ubiqum @4GeeksAcademyES @hackaboss_ @KeepCoding_ @uxerschool @TheBridge_Tech @CraftCodeTech @CodeHouseLearn @CodenotchMAD @NeolandStudio @Adalab_Digital @IEuniversity @lemoncoders @Open_Bootcamp Si, si, haz un PR ğŸ˜˜",2022-09-15,0,0,3,
1570422003366072320,"@raulcotrina @IronhackMAD @ISDICoders @Ubiqum @4GeeksAcademyES @hackaboss_ @KeepCoding_ @uxerschool @TheBridge_Tech @CraftCodeTech @CodeHouseLearn @CodenotchMAD @NeolandStudio @Adalab_Digital @IEuniversity @lemoncoders Claro! Faltamos nosotrxs, @Open_Bootcamp ğŸ˜Š. Ahora te paso la info por DM que no sÃ© si puedo ponerlo a piÃ±Ã³n en el GitHub ğŸ¸",2022-09-15,0,1,3,
1570359001090772997,"Â¡Acabamos de firmar un acuerdo con @BiohubVLC! ğŸ¤Contribuimos asÃ­ a cubrir la necesidad de profesionales digitales en un sector al alza, el #biotech ğŸ¦¿ que demanda expertos en #datascience, #ciberseguridad y #cloud &amp; #devopsğŸ§‘â€ğŸ’»  MÃ¡s info ğŸ‘‰ https://t.co/3bYdlNwT2a  https://t.co/YCxvjj13bf",2022-09-15,2,0,1,
1570317872567558150,â— Interesante descuento en formaciÃ³n.  â„¹ Desde el COITCV-AVIT hemos firmando un convenio de colaboraciÃ³n con @TheBridge_Tech gracias al cual nuestros asociados y colegiados disfrutarÃ¡n de un descuento del 25% en el programa Bootcamp de #Ciberseguridad.   https://t.co/y45Trv4xKQ,2022-09-15,0,0,1,
1570091960911659009,@sanhuerga @TheBridge_Tech FantÃ¡stico ğŸ‘ğŸ‘ğŸ‘,2022-09-14,0,0,0,
1570049430807785472,Hoy he hecho el primer mind map de mi vida entera gracias a @TheBridge_Tech  DÃ­a 3. Aprendiendo muchisÃ­simo.Â¡Comenzamos! #uxdesign #ui #uxui #mindmap #visualthinking #sketchnote #mentalmap #uxlearning  https://t.co/TNBOoBXIxK,2022-09-14,2,1,5,
1570013370434322438,"Si te interesa el mundo del dato, python... Â¡Tenemos nuevo evento de #DataScience de la mano de @PyDataMadrid! Contaremos con @valerybriz y @graphext  ğŸ“…Jueves 22 de septiembre â°19h   Â¡No te lo pierdas!ğŸ‘‡  https://t.co/Gpe3jdqGPr  #data #cienciadedatos #python",2022-09-14,4,0,3,
1569694413332299782,"ğŸ§‘â€ğŸ’»Â¡Feliz DÃ­a a todos los programadores y programadoras! ğŸ‘©â€ğŸ’»  Que un "";"" o ""&lt;"" no os impidan disfrutar de vuestro dÃ­a y de una profesiÃ³n tan retadora como apasionante âš”  #felizdiadelprogramador #fullstackwebdevelopment  https://t.co/tOlIkEY2Ne",2022-09-13,0,0,2,
1569355311227568130,.@TheBridge_Tech formarÃ¡ a los futuros profesionales en ciberseguridad de @Fujitsu_ES â–¶  https://t.co/a7XYEw0DMh  https://t.co/rgmUH4Susw,2022-09-12,1,0,4,
1569295332076404738,"MaÃ±ana a las 18.30h tenemos otra de las sesiones sobre ""Emotional Wellness"" ğŸ§˜â€â™€ï¸, esta vez @Mariagutim de @Hiwook_Jobs nos hablarÃ¡ del sÃ­ndrome del impostor Â¿Te lo vas a perder? Saca tu entrada ğŸŸ https://t.co/QXAV18d9Uk",2022-09-12,1,0,2,
1567815140455710721,Ya estÃ¡ abierto el registro para nuestra reuniÃ³n de septiembre: ğŸ”¥ Acelerando flujos de datos y modelos de aprendizaje   https://t.co/IwXoPprRbS  Contaremos con @valerybriz y la gente de @graphext. Â¡Nos vemos el jueves 22 de septiembre a las 19:00 en @TheBridge_Tech!,2022-09-08,5,1,8,
1567802683360219136,".@TheBridge_Tech y @Fujitsu_ES se unen para incrementar el mercado de #ciberseguridad en EspaÃ±a, que cuenta con una demanda hoy de 30.000 profesionales.  LÃ©elo en @elEconomistaes.  https://t.co/7Mw1oG7FzI  https://t.co/YTpoK1CITH",2022-09-08,0,0,1,
1567794116418838528,Si quieres potenciar el espÃ­ritu emprendedor de tus hij@s el nuevo programa de @GenyusSchool y @TheBridge_Tech Â¡es tu sitio!ğŸ˜‰  ğŸ™Œ Un lugar donde aprender desarrollando sus propias ideas y superando retos en equipo.  MÃ¡s info ğŸ‘‰ https://t.co/4WZRbwvCK7  https://t.co/0gT0pvDvKG,2022-09-08,1,0,2,
1566744716091265024,"Fujitsu yÂ @TheBridge_TechÂ se unen por el futuro de laÂ #ciberseguridadÂ ğŸ›¡ï¸ En virtud de esta alianza, formarÃ¡n juntos a los futuros profesionales del Ã¡rea de ciberseguridad deÂ @Fujitsu_ES, organizarÃ¡n actividades formativas, talleres, eventos...Â   https://t.co/SGdU061RHw  https://t.co/Weo3LGQuxm",2022-09-05,0,0,2,
1566739530413219841,Â¡Open Day #Valencia!ğŸ¤—Ven con un amig@ a conocer el campus de @uchceu y los bootcamps en #ciber #data #uxui y #fullstack ğŸ‘©â€ğŸ’»  Necesitas un cambio en tu carreraâ“ Descubre cÃ³mo puedes formarte en un perfil digital  ğŸ“…Lunes 12 â°18 horas  ğŸŸInscrÃ­bete yağŸ‘‡ https://t.co/CLUEFGvcRA,2022-09-05,1,0,1,
1566667913934868486,@raulcotrina @AnaWhitewolf @IronhackMAD @ISDICoders @Ubiqum @4GeeksAcademyES @hackaboss_ @KeepCoding_ @uxerschool @TheBridge_Tech @CraftCodeTech @CodenotchMAD @NeolandStudio @Adalab_Digital @IEuniversity @lemoncoders Â¡Eso estÃ¡ hecho! ;),2022-09-05,0,0,0,
1566371046185369600,Nos dais una mano a ampliarlo y tenerlo actualizado? @AnaWhitewolf @IronhackMAD @ISDICoders @Ubiqum @4GeeksAcademyES @hackaboss_ @KeepCoding_ @uxerschool   @TheBridge_Tech @CraftCodeTech   @CodeHouseLearn @CodenotchMAD @NeolandStudio   @Adalab_Digital @IEuniversity @lemoncoders,2022-09-04,0,3,6,
1565731733085069313,. @TheBridge_Tech y @Fujitsu_ES  se unen para cubrir la demanda de profesionales en #ciberseguridad ğŸš€  https://t.co/CxHq7ipYbN #tech #tecnologÃ­a,2022-09-02,0,0,2,
1565293439373172737,"Â¿SabÃ­as que laÂ #ciberseguridadÂ es la quinta Ã¡rea de empleo cuya demanda mÃ¡s ha crecido en lo que llevamos de aÃ±o? Para acompaÃ±ar en su formaciÃ³n al talento joven,Â @Fujitsu_ESÂ ha firmado una acuerdo conÂ @TheBridge_Tech.  Te contamos mÃ¡s:  https://t.co/TrXKApChsd  https://t.co/kHnpzjKtaE",2022-09-01,2,0,4,
1564951151124029441,"Â¿Quieres impulsar tu perfil profesional en el Ã¡mbito digital?  ğŸ”¥Â¡Descubre los #bootcamps de @ENCamaraSevilla y @TheBridge_Tech y despega en el sector tecnolÃ³gico!  ğŸš€La formaciÃ³n mÃ¡s innovadora en #DesarrolloWeb #FullStack, #DataScience y #Ciberseguridad:  https://t.co/dI7Go0yJsW  https://t.co/598NsYg0Ud",2022-08-31,11,0,13,
1564930939586740224,Â¡Hemos firmado un acuerdo con @Fujitsu_ES para formar a perfiles en #ciberseguridad! Muy ilusionados con esta alianza para apoyar con formaciÃ³n a una compaÃ±Ã­a tan potente en su crecimiento en materia de seguridad informÃ¡ticağŸš€  ğŸ‘‰ https://t.co/MJKkZq24HS  #bootcamp #cyber #empleo  https://t.co/kVWSvjfq9f,2022-08-31,1,0,4,
1564161569537363968,"ğŸ“ºHemos salido en @sextaNoticias como ejemplo de #reskilling gracias a los #bootcamps ğŸ§‘â€ğŸ’»  ğŸŸ¢""Apostar por estos procesos de reciclaje a las empresas les cuesta menos y tiene tambiÃ©n menos coste social"",@ikerarceseco, CEO @TheBridge_Tech   Noticia completağŸ‘‰ https://t.co/00YLRaZyt9",2022-08-29,1,0,2,
1563587175220137986,These parts are being used to creat the autonomous lawn mower @ The Bridge Tech  https://t.co/BvQpM4RMZ7,2022-08-27,0,0,0,
1563552167935426561,"The jetbot we've been working on @ Greenville, South Carolina  https://t.co/KGvKmoYprC",2022-08-27,0,0,1,
1563117283601289216,"Â¿CÃ³mo es hacer un #bootcamp mientras estudias o trabajas?ğŸ’ª Nos lo cuenta JosÃ© Miguel, alumno del bootcamp de #desarrollowebfullstack en formato #parttime   Â¡Echa un vistazo a su experiencia en @thebridge! ğŸ‘€ğŸ‘‡  MÃ¡s info sobre el #parttime  https://t.co/ZuOQNwWc1H  https://t.co/AOMd0zx3FI",2022-08-26,1,0,1,
1562455573613817859,@TheBridge_Tech y la FundaciÃ³n @uc3m firman un convenio para ofrecer #Bootcamps de #FullStak a partir de 2023 en el Campus de Puerta de Toledo.   https://t.co/S86r7sIygQ,2022-08-24,0,0,0,
1562432037436489728,La @uc3m se une a @TheBridge_Tech para potenciar la formaciÃ³n en desarrollo web.  Ambas entidades ofrecerÃ¡n bootcamps de Full Stak a partir de 2023 en el Campus de Puerta de Toledo  #UniversidadExcelente    https://t.co/b6W9OGHMg1,2022-08-24,2,0,2,
1562020403199066112,Â¡Ven a nuestro Open Day #Sevilla! ğŸ™ŒAcÃ©rcate a conocer el campus de @ENCamaraSevilla y todo sobre los bootcamps en #ciber #data y #fullstack ğŸ§‘â€ğŸ’»Â¿Quieres acelerar tu carrera digital?  ğŸŸSaca ya tu entrada y si quieres vente con un amig@ ğŸ‘‡ https://t.co/Ic7PjZCIlt  Â¡Te esperamos!,2022-08-23,1,0,2,
1560688806445174790,"ğŸ¤ğŸ¼ @ceeivalencia y @TheBridge_Tech, primera aceleradora de talento digital, firman un convenio de colaboraciÃ³n:  https://t.co/8neFc4j8i4  ğŸ¯ Complementar la formaciÃ³n tÃ©cnica del nuevo talento, entre sus principales objetivos.",2022-08-19,1,0,0,
1559223651538436098,"ğŸ† We're rounding up the 16 Best UI/UX Design Bootcamps of 2022, including @Shillington_, @Skillcrush, @Springboard, @TheBridge_Tech, and @thinkful!   Check out the full list here:  https://t.co/fZwEQNAICB  https://t.co/ZvmtZTtnkM",2022-08-15,6,0,5,
1559185732023074816,"ğŸ† We're rounding up the 27 Best Data Science Bootcamps of 2022, including @Springboard, @thinkful, @TheBridge_Tech, @turing_college, and @wbscodingschool! Check out the full list here:  https://t.co/AxN29a2FNR  https://t.co/x7mYWVhVVL",2022-08-15,2,0,5,
1558009488678043649,ğŸ™ŒÂ¡Ya han salido las listas de @CourseReport 2022 y nuestros #bootcamps de #UXUIProductDesign y #DataScience han sido seleccionados entre los mejores del mundo! â˜º Se unen asÃ­ a los programas de #Ciberseguridad y #MarketingDigital Â¡Estamos muy orgullosos!  https://t.co/ofNwNRCnIT,2022-08-12,4,0,5,
1557454010919043079,"Muy buena sensaciÃ³n irse de vacaciones con el trabajo hecho en @TheBridge_Tech MÃ¡s alumnos, mÃ¡s satisfacciÃ³n, mÃ¡s empleabilidad y ahora revalidamos nuestra posiciÃ³n en 4 rankings de @CourseReport. Y en septiembre mÃ¡s!",2022-08-10,1,0,2,https://twitter.com/CourseReport/status/1557449301160247298
1557283166926299137,Â¡Estamos de enhorabuena! Lanzamos un nuevo programa de #desarrollowebfullstack con la @fundacionuc3! Muy ilusionados de colaborar con una instituciÃ³n de referencia Â¿Ready para ser #fullstack? Â¡Aprende todos los secretos del #frontend y #backend! MÃ¡s infoğŸ‘‰  https://t.co/uCUqBRFdzo  https://t.co/Q6NGSftBIQ,2022-08-10,2,0,1,
1555459915573067776,Â¡Empezamos!ğŸ™Œ DÃ­a de #desafÃ­odetripulacionesâš” en Madrid. Mucha suerte a tod@s con vuestros proyectos Â¡Seguro que habÃ©is desarrollado unas webapps increÃ­bles! SÃ­guelo ğŸ”´EN DIRECTO  https://t.co/ejD0LT14IC,2022-08-05,1,0,3,
1555087891872636928,"ğŸ’° Julio supera los 360 millones de euros invertidos en #startups, mientras que 2022 supera ya los 2.384 millones  Entre las rondas cerradas este Ãºltimo mes, encontramos las de nuestros socios @TheBridge_Tech y @LogistikoLabs ğŸ‘  (vÃ­a @ElReferente ğŸ—)  https://t.co/W2pfmnLmD6",2022-08-04,3,0,7,
1554445479873810439,"Â¡Seguimos creciendo y vamos #FromGoodToGreat! Gracias a todos los que formÃ¡is parte de @the bridge Â¡Es una suerte contar con tod@s vosotr@s! Sin duda, sois el alma de la fiestağŸ‘¯â™‚ï¸ Si os la habÃ©is perdido, pronto habrÃ¡ otra y seguro, mÃ¡s cosas que celebrarğŸ˜‰  https://t.co/eTpGRVHrW8",2022-08-02,0,0,2,
1554099392977707008,ğ——ğ—²ğ˜€ğ—®ğ—³ğ—¶ğ—¼ ğ—±ğ—² ğ˜ğ—¿ğ—¶ğ—½ğ˜‚ğ—¹ğ—®ğ—°ğ—¶ğ—¼ğ—»ğ—²ğ˜€ğŸ’»ğŸ“²  Alumnos de desarrollo web full stack y data science de @TheBridge_Tech y @uchceu nos visitaron para presentar sus proyectos finales.   #BootcampExperience #DesarrolloWeb #DataScience #DigitalTalent  https://t.co/1I6plykqEL,2022-08-01,4,0,4,
1552726310186893313,@manuelfherrador @loretogf @TheBridge_Tech @uriondo @JotDownSpain @imparsifal Â¡TÃº dÃ©jales que nos 'puentean' rÃ¡pido! ğŸ™ƒ,2022-07-28,0,0,1,
1552725704588103680,@loretogf @UribeX @TheBridge_Tech @uriondo @JotDownSpain @imparsifal Â¡Pero no va de puentes! :(,2022-07-28,0,1,2,
1552702280704704512,@loretogf @TheBridge_Tech @uriondo @JotDownSpain Y tanto!!,2022-07-28,0,0,2,
1552701420218056704,"Comienza la masterclass en @TheBridge_Tech de @uriondo hablando de cÃ³mo evitar ser #Periodista?!?! En serio?!?! jajaja con lo que mola el curso de @JotDownSpain,  verdad @imparsifal?  https://t.co/EFVSpRN56s",2022-07-28,6,2,16,
1552352053346852864,MaÃ±ana tenemos esto ğŸ‘‡  https://t.co/mHGMocUoP2  Os esperamos a las 19:00 en @TheBridge_Tech para hablar de periodismo con @uriondo,2022-07-27,5,0,4,
1552252500979421186,"ğŸ¤ğŸ¼ @ceeivalencia y @TheBridge_Tech, primera aceleradora de talento digital, firman un convenio de colaboraciÃ³n:  https://t.co/8neFc4j8i4  ğŸ¯ Complementar la formaciÃ³n tÃ©cnica del nuevo talento, entre sus principales objetivos.",2022-07-27,0,0,0,
1551147845230764033,El prÃ³ximo jueves 28 estaremos em @TheBridge_Tech con @uriondo que impartirÃ¡ la masterclass Â«Evita el periodismo: una oda a la profesiÃ³nÂ». La asistencia es gratuita hasta completar aforo. Os esperamos.  https://t.co/mHGMocUoP2,2022-07-24,10,0,15,
1550108349924089856,@uriondo @GuillermoDeHaro @JotDownSpain @TheBridge_Tech @Google @ottoreuss Â¿CÃ³mo? Â¿CÃ¡pasao?,2022-07-21,0,0,0,
1550056580493762563,@GuillermoDeHaro @JotDownSpain @TheBridge_Tech @Google @ottoreuss Malamente. Riau Riau.,2022-07-21,0,0,1,
1550056091274428419,@GuillermoDeHaro @JotDownSpain @TheBridge_Tech @Google 'Mala y ware' parece una colaboraciÃ³n musical entre la Mala RodrÃ­guez y @ottoreuss ğŸ˜‚,2022-07-21,0,2,2,
1550055498921148417,"@GuillermoDeHaro @JotDownSpain @uriondo @TheBridge_Tech @Google SÃ­, yo tampoco quiero ser mal pensado, pero...",2022-07-21,0,0,2,
1549455964159594496,@uriondo @TheBridge_Tech @JotDownSpain Justo donde nos hemos formado unos cuantos experiodistas para dejar de serlo :P IntentarÃ© ir!,2022-07-19,0,0,2,
1549450863558762497,Esto me hace ilusiÃ³n. El jueves a las 19 en @TheBridge_Tech hablarÃ© de la profesiÃ³n que amo y que ejercÃ­ locamente durante 20 aÃ±os para el Programa superior de emprendimiento en periodismo de @JotDownSpain. Elige Â¿streaming o aire acondicionado?  https://t.co/yCk9MxVa0I,2022-07-19,7,1,17,
1547833539306983425,@Cased93 Â¡Ha sido un placer tenerte como jurado Daniel!â˜ºMuchas gracias por asistir y conocer de cerca el trabajo de nuestros alumnosğŸ“,2022-07-15,1,0,1,
1547679180715806723,Un placer haber asistido hoy como miembro del tribunal por parte de Fujitsu Data Intelligence al acto de defensa y graduaciÃ³n del Bootcamp de Data Science organizado por  @TheBridge_Tech   https://t.co/jYYhs7Nmr5,2022-07-14,0,1,1,
1547604416177442823,Â¡Empezamos! Sigue el 1Âº #desafiodetripulacionesâš” de #Sevilla @ENCamaraSevilla ğŸ”´EN DIRECTO Â¡No te pierdas el sistema de reconocimiento facial que han creado nuestros chicos de #datascience!  â–¶ https://t.co/b0ztKy2Gcm,2022-07-14,2,0,1,
1547230643561664515,ğŸ§‘â€ğŸ“Los emprendedores y profesionales digitales del futuro han venido a visitarnos hoy  Los alumnos de @TheBridge_Tech han visto cÃ³mo trabaja un fondo VC y han mostrado su interÃ©s por conocer quÃ© grandes desafÃ­os resuelven nuestras #startups #deeptech   Mucho #talento en el Ãgora  https://t.co/FaCriTMOGw,2022-07-13,1,0,4,
1547209900874506241,Hoy hemos tenido una sÃºper visita a nuestras oficinas @TheBridge_TechğŸ‘‰primera Aceleradora de Talento Digital.  Hemos podido presentar @GoHubVentures  y compartir nuestros HQ con 26 de sus estudiantes y profesores Con muchas ganas de seguir colaborando con ellos en el futuro!  https://t.co/g9MzrP2hdq,2022-07-13,3,0,8,
1546817334882476032,Â¡Descubre la experiencia de Dani! â–¶ Dani estudiÃ³ una #fp en #desarrolloweb pero tenÃ­a claro que querÃ­a especializarse en #ciberseguridad ğŸ‘¾y realizÃ³ el #bootcamp en @TheBridge_Tech Â¡Fue complemento perfecto para conseguir un empleo en el sector!ğŸ¯  https://t.co/eimTUd6rUc,2022-07-12,2,0,0,
1546397466517540866,#VentureCapital/#PrivateEquity: @TheBridge_Tech cierra una ronda de â‚¬5M liderada por Atitlan  https://t.co/iDnOZ5z5g8,2022-07-11,0,0,0,
1544988613129261056,#Inversiones ğŸ’°ğŸ’°  @TheBridge_Tech ha cerrado una ronda de 5Mâ‚¬ ğŸ‘€  PRINCIPAL INVERSOR âœ”#Atitlan   â¬‡â¬‡  https://t.co/2owefjS98d,2022-07-07,0,0,0,
1544595001086283778,#SAVETHEDATE ğŸš©| @TheBridge_Tech pone en marcha un #bootcamp orientado a formar en dos de las disciplinas que mÃ¡s estÃ¡n creciendo en EspaÃ±a: #Cloud #Computing &amp; #DevOpsâ˜ï¸  ğŸ“†12 de septiembre ğŸ•” Full-time â¬‡ï¸  https://t.co/FJ1IzSpro2,2022-07-06,1,0,0,
1544373102997655552,"ğŸ¤ğŸ¼ @ceeivalencia y @TheBridge_Tech, primera aceleradora de talento digital, firman un convenio de colaboraciÃ³n:  https://t.co/8neFc4j8i4  ğŸ¯ Complementar la formaciÃ³n tÃ©cnica del nuevo talento, entre sus principales objetivos.",2022-07-05,0,0,0,
1543134908935200769,"ğŸ¤ğŸ¼ @ceeivalencia y @TheBridge_Tech, primera aceleradora de talento digital, firman un convenio de colaboraciÃ³n:  https://t.co/8neFc4j8i4  ğŸ¯ Complementar la formaciÃ³n tÃ©cnica del nuevo talento, entre sus principales objetivos.",2022-07-02,0,0,2,
1542929123546464261,"@HeavyMental_es @TheBridge_Tech Por favor, a ver si podeis empezar a mejorar el sonido. Muchas veces el primer paso es mÃ¡s de la mitad del camino",2022-07-01,0,0,0,
1542888003965689858,Atitlan liderarÃ¡ la ronda de financiaciÃ³n de 5 millones de euros de la escuela @TheBridge_Tech ğŸ’°  La empresa de formaciÃ³n de #talento ha irrumpido en el sector de la educaciÃ³n poniendo el foco en la #digitalizaciÃ³n y las nuevas tecnologÃ­as ğŸ“š  https://t.co/YoTetHhIKx,2022-07-01,0,0,4,
1542808979293847554,@bertinha84 Â¡Vamos @bertinha84 Ã¡nimo! Te esperamos con los brazos abiertosğŸ¤—,2022-07-01,0,0,1,
1542778977718341632,"Adeus rÃ­os, adeus fontes...TerriÃ±a, volvo pronto. Madrid allÃ¡ voy! Ya se ve cerca el final del bootcamp y voy a terminarlo de forma presencial. Un mes, un Ãºltimo empujÃ³n. @TheBridge_Tech",2022-07-01,1,1,5,
1542460541800783872,"ğŸ“¢Nos alegra muchÃ­simo contaros esta gran noticia: tendremos el placer de contar con @TheBridge_Tech, un acuerdo que nos permitirÃ¡ ofrecer mÃ¡s herramientas para acelerar el talento digital a nuestras #startups ğŸ‘  @AmparoGalbis1 @RamonCEEIVLC   https://t.co/Mkhinty1B6",2022-06-30,2,0,4,
1542448899645968384,@NadaQueGanarPod Estais invitados desde ya a hacer el primero de la prÃ³xima en @TheBridge_Tech y no se que lios os traeis con @_miki pero si quereis combo hay hueco,2022-06-30,0,0,1,
1542425851899281408,@LORIOTio @dariodotzero @insidezeusdata @sesamehr_ Thank you! It was a pleasure and a very interesting talk about innovation and businessğŸ¤—,2022-06-30,0,0,1,
1542415478618050560,"ğŸ¤ Gracias al convenio firmado con @TheBridge_Tech trabajaremos de forma conjunta en la realizaciÃ³n de cursos, jornadas, actividades formativas, foros de discusiÃ³n y asesoramiento mutuo en las acciones desarrolladas por ambas entidades.    https://t.co/gNPhADnlkk",2022-06-30,0,0,1,
1542413891124301826,Hoy master class de  @figma  y UIX en @TheBridge_Tech   https://t.co/fybYqXpUL6,2022-06-30,0,0,1,
1542238336894603265,@HeavyMental_es @TheBridge_Tech Buscando el pollo ğŸ£,2022-06-29,0,0,1,
1542225533546762243,@carlosmdh @HeavyMental_es @UbaldoHervas @DavidAlayon @Recuenco @GuillermoDeHaro @TheBridge_Tech  https://t.co/Ig6QQ9fk47,2022-06-29,0,0,3,
1542225403242332161,"@HeavyMental_es @UbaldoHervas @DavidAlayon @Recuenco @_miki @GuillermoDeHaro @TheBridge_Tech Te me tienes que cuidar ehhhh  y por cierto, colleja por venir a Madrid, hacer un podcast en directo y no avisarme  Capullo!!! ğŸ¤£ğŸ¤£ğŸ¤£ğŸ¤£",2022-06-29,0,1,4,
1542224482710028291,@carlosmdh @UbaldoHervas @DavidAlayon @Recuenco @_miki @GuillermoDeHaro @TheBridge_Tech Yes!! ;) ;),2022-06-29,0,1,3,
1542224097089822726,@HeavyMental_es @UbaldoHervas @DavidAlayon @Recuenco @_miki @GuillermoDeHaro @TheBridge_Tech El segundo por la derecha de la primera fila es mikki?,2022-06-29,0,1,3,
1542208686881390592,No todo va a ser trabajar!! Equipo UCuber #TheBridge @TheBridge_Tech  #FullStack #javascript30  https://t.co/u6K9rWwoqb,2022-06-29,0,0,0,
1542206287915585536,El sentido de la vida ya no es 42 -- Light Mental ediciÃ³n especial @TheBridge_Tech  https://t.co/z7hOVln8Bp,2022-06-29,3,2,22,
1542151630128381953,"We had a great time yesterday at #TechTalks, talking to all the motivated and ambitious students from the CEU Cardenal Herrera in #ValenciağŸ™Œ  Our #IoT #business #vision and our solution/ front-end development were the main topicsğŸ’ª  Thank you @TheBridge_Tech!  ğŸš€ğŸš€ğŸš€  https://t.co/cqTiiRyEkA",2022-06-29,2,1,8,
1542124257114734595,#Atitlan invierte en una una ronda de financiaciÃ³n de 5 millones de euros en @TheBridge_Tech   https://t.co/7eN3zLMYpg a travÃ©s de @elEconomistaes,2022-06-29,1,0,3,
1542075584158830594,"Â¡Un placer tener ayer a empresas como @sesamehr_ , @feending y @LORIOTio con nosotros en la #TechTalksValencia! ğŸ¤—Descubriendo un poquitoâ•del sector y de cÃ³mo funciona y se trabaja en un negocio digital ğŸ“²  #sectortech #digitaltalent #empleabilidad  https://t.co/GGyoigRCQt",2022-06-29,4,0,4,
1541859665570664448,@fernandojsg @HeavyMental_es @DavidAlayon @Recuenco @_miki @GuillermoDeHaro @TheBridge_Tech Y queremos.,2022-06-28,0,0,3,
1541850071456792578,@HeavyMental_es @DavidAlayon @Recuenco @_miki @GuillermoDeHaro @TheBridge_Tech Mens sana in corpore sano  https://t.co/PJJ7Eg0KPQ,2022-06-28,0,0,8,
1541830701863034880,"@GuillermoDeHaro @Mulder01198676 @HeavyMental_es @DavidAlayon @Recuenco @_miki @TheBridge_Tech Jajajaja lo voy a buscar solo para darle laik, errete y suscribirme.   Puto genio Mulder",2022-06-28,0,0,3,
1541826498650406913,"@HeavyMental_es @DavidAlayon @Recuenco @_miki @GuillermoDeHaro @TheBridge_Tech Yo no pude ir...ğŸ˜­ğŸ˜­ğŸ˜­ğŸ˜­ğŸ˜­ Por tema serio.. Felicidades!!!! Os lo merecÃ©is, locos maravillosos de @HeavyMental_es! @_miki, @davidalayon y @Recuenco ğŸ‘ğŸ»ğŸ‘ğŸ»ğŸ‘ğŸ»ğŸ‘ğŸ» la vida es mÃ¡s vida y salvaje mental  gracias a vosotros.  Esperando merchandising para verano!!  https://t.co/gwG9cndOaA",2022-06-28,0,0,3,
1541817440207884288,"@didacjo1 @_miki @samuelgil He de decir que luego pusieron cervezas, pero porque se estiraron los de @TheBridge_Tech... para el prÃ³ximo evento @HeavyMental_es lo del currasco tiene que estar sÃ­ o sÃ­  https://t.co/euwFxXpDNs",2022-06-28,0,0,2,
1541798453923221508,"La empresa de formaciÃ³n de talento y competencias digitales, @TheBridge_Tech , acaba de anunciar una ronda de financiaciÃ³n por un total de 5 millones de euros liderada por Atitlan  https://t.co/AProTjb79k",2022-06-28,3,0,5,
1541777929968967683,@HeavyMental_es @DavidAlayon @Recuenco @_miki @GuillermoDeHaro @TheBridge_Tech No os olvidÃ©is de cargar bien la pala que llega la recesiÃ³n  https://t.co/RGJccI8lSY,2022-06-28,0,0,2,
1541770768123658243,@GuillermoDeHaro @Mulder01198676 @HeavyMental_es @DavidAlayon @Recuenco @_miki @TheBridge_Tech Siempre se puede firmar el pollo en lugar de la pata. Ya tÃº sabeh,2022-06-28,0,0,2,
1541770632991764480,"@Mulder01198676 @GuillermoDeHaro @HeavyMental_es @DavidAlayon @Recuenco @_miki @TheBridge_Tech Jajaja, eso espero, sÃ­",2022-06-28,0,0,2,
1541770429097975815,@moquintana @GuillermoDeHaro @HeavyMental_es @DavidAlayon @Recuenco @_miki @TheBridge_Tech Ups!!! Lo siento @moquintana en nada estas haciendo nuevas excursiones por la jungla! ğŸ’ªğŸ¼ğŸ˜ƒ,2022-06-28,0,1,5,
1541770149031809024,@Mulder01198676 @GuillermoDeHaro @HeavyMental_es @DavidAlayon @Recuenco @_miki @TheBridge_Tech Poca broma con lo de romperse las piernas. Â¡Ains!,2022-06-28,0,1,4,
1541768275146719233,"@GuillermoDeHaro @moquintana @HeavyMental_es @DavidAlayon @Recuenco @_miki @TheBridge_Tech Fimarme las patas, me suena a romperme las piernas y firmarme la escayoala! en quÃ© estais pensando???  https://t.co/RwITuAdVOU",2022-06-28,0,1,3,
1541765922775498756,@moquintana @GuillermoDeHaro @HeavyMental_es @DavidAlayon @Recuenco @_miki @TheBridge_Tech Por supuesto! ğŸ˜‰,2022-06-28,0,0,4,
1541765527051304960,"@Mulder01198676 @GuillermoDeHaro @HeavyMental_es @DavidAlayon @Recuenco @_miki @TheBridge_Tech Â¡AhÃ­, ahÃ­, nuestro libro jugando con la primera liga!  En cuanto a la firma, por supuesto que sÃ­. Te podemos firmar la mesa, tambiÃ©n ğŸ¤£",2022-06-28,0,2,6,
1541751877213331459,"@Recuenco @PauMugarra @HeavyMental_es @DavidAlayon @_miki @GuillermoDeHaro @TheBridge_Tech La edad no perdona, en cuclillas te caÃ­as...y te has tenido que sujetar, con cierto estilo, lo reconozco. Enhorabuena por la jornada",2022-06-28,0,0,2,
1541751543770357763,@GuillermoDeHaro @HeavyMental_es @DavidAlayon @Recuenco @_miki @TheBridge_Tech Pues ya tengo para las otras 3 patas ğŸ¤£   @DavidAlayon @moquintana teneis una firma pendiente para uno de estos ğŸ˜‰  https://t.co/sXd1RPXmTi,2022-06-28,1,1,6,
1541749770208911360,"@HeavyMental_es @DavidAlayon @Recuenco @_miki @GuillermoDeHaro @TheBridge_Tech Joder, estoy encantado de haber sido el mÃ¡s tonto de ESA habitaciÃ³n!  https://t.co/NDcYvsfaKV",2022-06-28,0,1,3,
1541738588190216198,"@HeavyMental_es @DavidAlayon @Recuenco @_miki @GuillermoDeHaro @TheBridge_Tech Recuenco haciendo Break dance, lo prÃ³ximo beatbox",2022-06-28,0,0,5,
1541735069995376640,@PauMugarra @HeavyMental_es @DavidAlayon @Recuenco @_miki @GuillermoDeHaro @TheBridge_Tech Nunca dejarÃ¡ de ser el Enfant terrible,2022-06-28,0,0,2,
1541703736749424641,@HeavyMental_es @DavidAlayon @Recuenco @_miki @GuillermoDeHaro @TheBridge_Tech Recuenco pose  https://t.co/5likSnfZUI,2022-06-28,0,0,12,
1541690507600056320,@Mulder01198676 @PauMugarra @DavidAlayon @Recuenco @_miki @GuillermoDeHaro @TheBridge_Tech SÃ­ a todo,2022-06-28,0,1,1,
1541682809370300417,@PauMugarra @HeavyMental_es @DavidAlayon @Recuenco @_miki @GuillermoDeHaro @TheBridge_Tech Aterrizaje de superheroe.  https://t.co/eogE03ZSwR,2022-06-28,0,1,5,
1541681065802309632,@Recuenco @PauMugarra @HeavyMental_es @DavidAlayon @_miki @GuillermoDeHaro @TheBridge_Tech  https://t.co/nvnvqHVF9u,2022-06-28,0,0,4,
1541678686751133698,Gracias @HeavyMental_es por la tarde de ayer y a todos los asistentes Â¡Ã‰xito absoluto! ğŸ™ğŸ‘,2022-06-28,4,0,22,https://twitter.com/HeavyMental_es/status/1541660216290336769
1541676593323573249,@PauMugarra @HeavyMental_es @DavidAlayon @_miki @GuillermoDeHaro @TheBridge_Tech Que intentaba no tapar a nadie de detrÃ¡s.,2022-06-28,0,2,1,
1541675702487072768,"@Recuenco Que guay, supervisora de lujo y buen sitio. Saludos a los amigos de @TheBridge_Tech @nodosenlared",2022-06-28,1,0,3,
1541674892390719490,@HeavyMental_es @DavidAlayon @Recuenco @_miki @GuillermoDeHaro @TheBridge_Tech QuÃ© le pasa a Javier en la foto? Esa pose no es normal ğŸ™ˆ,2022-06-28,0,3,2,
1541563017241976835,"Gracias @HeavyMental_es por la elocuencia de @Recuenco, la disciplina de @DavidAlayon, y la perfecta felicidad de @_miki para crear el Ã¡gora en @TheBridge_Tech: @GuillermoDeHaro @jatorrero @PedroAeriaa @mevasjimenez @joobid @marianosarmient @fyustas1 @_sergiosanjuan y otros 42ğŸ‘  https://t.co/iPKI9axebY",2022-06-28,0,0,10,
1541558488001822725,@Bombabarros @Mulder01198676 @_miki @Recuenco @DavidAlayon @GuillermoDeHaro @moquintana @TheBridge_Tech Gracias por venir y buen viaje de vueltaâ€¦ eres top!!,2022-06-28,0,0,3,
1541557726777692161,"@HeavyMental_es @Mulder01198676 Resultado apabullante de los locales, el pÃºblico enloqueciÃ³ con el juego de su equipo y no dejaron de animar hasta que fueron desalojados. MuchÃ­simas gracias!!! @HeavyMental_es @_miki @Recuenco @DavidAlayon @GuillermoDeHaro @moquintana @TheBridge_Tech  https://t.co/osw6AlqUgq",2022-06-28,1,1,6,
1541523364094906370,@designetworking @GuillermoDeHaro @HeavyMental_es @Recuenco @TheBridge_Tech Pero debo reconocer que el premio por preguntar sobre la influencia de El Pollo Pepe en la obra literaria de @Recuenco y @GuillermoDeHaro ha merecido la pena. @HeavyMental_es fidelis ğŸ¤˜  https://t.co/0bmUpQuoBN,2022-06-27,1,0,8,
1541496472541315073,"@joobid @GuillermoDeHaro @HeavyMental_es @Recuenco @TheBridge_Tech InspiraciÃ³n para innovar. La clave no es quien inventa, si no, quiÃ©n traduce a la masa citando a quien inventa.",2022-06-27,0,0,1,
1541494873265676289,"@designetworking @GuillermoDeHaro @HeavyMental_es @Recuenco @TheBridge_Tech Alguien tenÃ­a que preguntarlo. No quiero hablar de plagio, que es palabra gruesa, pero buena parte de los fundamentos del libro de @GuillermoDeHaro y @Recuenco estaba ya en El Pollo Pepe. Y lo saben  https://t.co/Jtt4XVIsCT",2022-06-27,2,2,11,
1541493843316580354,Primera micro clase de un profe de @TheBridge_Tech a los @HeavyMental_es &amp; @GuillermoDeHaro  https://t.co/r9T6R29Sg2,2022-06-27,0,0,3,
1541492108703531008,"@joobid lanzando la pregunta del millÃ³n de euros a @GuillermoDeHaro sobre ""El Pollo Pepe"", que nos marca la X del mapa de @HeavyMental_es, hacia la esencia del 42 o la transcendencia del sentido de la vida que plantea el estoicismo como nos recuerda @Recuenco  en @TheBridge_Tech  https://t.co/8ft1LaMH47",2022-06-27,1,1,6,
1541484295465959427,Gracias a @TheBridge_Tech por facilitar la desvirtualizaciÃ³n de tuiteros que nos encontramos alrededor de @HeavyMental_es y las turras del @Recuenco,2022-06-27,0,0,2,https://twitter.com/HeavyMental_es/status/1541475190957383680
1541477869620281345,"Hoy tenemos invitados en @TheBridge_Tech. Los chicos de @HeavyMental_es y @GuillermoDeHaro  hablando sobre el sentido de la vida, o algo  https://t.co/sGeJVf3HFN",2022-06-27,0,0,2,
1541470520658493440,"Que nos dice Pedro SÃ¡nchez, que si le compramos todos los libros del @Recuenco y @GuillermoDeHaro nos invita a unas caÃ±as en @TheBridge_Tech por el encuentro de @HeavyMental_es  https://t.co/hdJRlA1QD8",2022-06-27,0,0,3,
1541448970123223040,@TheBridge_Tech @HeavyMental_es @Alienta Casi! Justo estaba rellenando datos ğŸ¤£,2022-06-27,0,0,1,
1541445570925133825,@TheBridge_Tech @Recuenco @HeavyMental_es @Alienta tendrÃ© que colarme?  https://t.co/sfp5t11RPi,2022-06-27,0,0,2,
1541445192925978625,@vmcasamayor @TheBridge_Tech @Recuenco @Alienta ğŸ™„ @TheBridge_Tech,2022-06-27,0,0,1,
1541445021068627969,@TheBridge_Tech @Recuenco @HeavyMental_es @Alienta pero quedan entradas o no? Cojone!,2022-06-27,0,1,3,
1541403967581831169,"@HeavyMental_es @TheBridge_Tech @Recuenco @GuillermoDeHaro Cada vez que pulsas la frase es distinta, no hace falta ni editar luego...",2022-06-27,0,0,1,
1541403726182858753,"@joobid @TheBridge_Tech @Recuenco @GuillermoDeHaro Si claro, Miki no tiene otra cosa que hacer",2022-06-27,0,1,1,
1541403632104620033,@joobid @HeavyMental_es @TheBridge_Tech @GuillermoDeHaro DÃ©jalo cortocircuitado en Always on.,2022-06-27,0,0,1,
1541403277752995841,@HeavyMental_es @TheBridge_Tech Â¿Me llevo el botÃ³n para el directo de hoy @Recuenco @GuillermoDeHaro?  https://t.co/CSjtCXQ64B,2022-06-27,0,2,2,
1541347694802882567,"@HeavyMental_es @TheBridge_Tech Si al final el ""de pedir"" funciona  https://t.co/1A2PyYMAol",2022-06-27,0,0,1,
1541334998892036096,"@jatorrero @TheBridge_Tech Juan Antonio, te mandamos dm para que te vengas que hay hueco!",2022-06-27,0,1,2,
1541303566597496833,"@HeavyMental_es @TheBridge_Tech Moviendo satÃ©lites pero ya!!. Huy, Â¿y si piensan que son sat Rusos?. Al riesgo que mola.",2022-06-27,0,0,1,
1541297237485035520,@navarro_batista @TheBridge_Tech En orbyt ya si eso.,2022-06-27,0,1,1,
1541294547489136640,@HeavyMental_es @TheBridge_Tech Que se grabe para el Orbe. Toy en otra plataforma.,2022-06-27,0,1,1,
1541266958259306496,"@HeavyMental_es @TheBridge_Tech @GuillermoDeHaro @Recuenco @Alienta Si hay que bajar al barro, se baja.",2022-06-27,0,0,2,
1541266817624203264,@HeavyMental_es @TheBridge_Tech @GuillermoDeHaro @Recuenco @Alienta El plan // La ejecuciÃ³n  https://t.co/z6upT5d5Zn,2022-06-27,1,1,4,
1541123745078824965,"@HeavyMental_es @TheBridge_Tech ğŸ˜ğŸ˜ğŸ˜ Triste es de pedir, pero mÃ¡s triste es de robar.   Si alguno no va a Ãºltima hora, mis DMs estÃ¡n abiertos.",2022-06-26,0,1,5,
1541062348970115072,"@CarlosLGonzalez @TheBridge_Tech Yes, seguramente martes a la misma hora en todos lados :)",2022-06-26,0,0,2,
1541061827169230848,@HeavyMental_es @TheBridge_Tech Puta vida... Los sudacas nos jodemos... Me quedarÃ© tomando mientras espero que tengan piedad de nosotros y lo publiquen en Youtube... Porque de Twitch no se nada,2022-06-26,0,1,3,
1541060983476584448,"@CarlosLGonzalez @TheBridge_Tech SÃ­, vida real se llama.",2022-06-26,0,1,1,
1541057117045530626,@HeavyMental_es @TheBridge_Tech No va en directo por ninguna plataforma!!???,2022-06-26,0,1,1,
1541048623261171718,@HeavyMental_es @TheBridge_Tech  https://t.co/TFD31c8i61,2022-06-26,0,0,1,
1541046264539893760,"ğŸ•£ TIC, TAC: MAÃ‘ANA os vemos a todos a las 7.30pm en nuestro evento en directo en MADRID en @TheBridge_Tech   ğŸš¨Para los que no vayÃ¡is, TRANQUILOS, seguramente el martes lo emitamos para todos vosotros :D",2022-06-26,6,6,17,https://twitter.com/HeavyMental_es/status/1535571536186335233
1539565619728814082,"@HeavyMental_es @TheBridge_Tech @GuillermoDeHaro @Recuenco @Alienta Â¡Â¡Â¡Que poco queda ya para el evento!!!  @_miki te pillo en ""La Coru"" y nos hacemos un blablacar? podrÃ­a salir un podcast dpm de ahÃ­ ğŸ˜‚.  https://t.co/cptLyWZ7Ip",2022-06-22,0,0,3,
1539550883331166213,"ğŸ“¢MiÃ©rcoles 6 de julio, 18h evento con @GoogleES donde hablaremos de #CloudComputingâ˜ï¸ las nuevas herramientas como #kubernetes #Serverless #CI #CD y los perfiles que actualmente necesitan las empresas #devops #cloud   ğŸŸSaca ya tus entradasğŸ‘‡   https://t.co/4TxR37UlfR",2022-06-22,0,0,0,
1539280728978071553,"@TheBridge_Tech @LORIOTio @sesamehr_ @feending @uchceu Buenas, disculpad, se estÃ¡ emitiendo ya la charla sobre GOOGLE ADS desde cero??  No puedo acceder desde ZOOM",2022-06-21,0,0,0,
1539164971765989378,Â¿Quieres aprender sobre #ciberseguridad? ğŸ‘©â€ğŸ’»  La aceleradora de #talento digital @TheBridge_Tech organiza esta tarde un taller en #Valencia en el que aprenderÃ¡s a utilizar algunas herramientas bÃ¡sicas de la mano de los mejores profesores ğŸ‘¥  Â¡RegÃ­strate! âœ  https://t.co/IhiitXLjHT  https://t.co/SfcT0HbRow,2022-06-21,0,0,4,
1538882376138477569,Â¡Llega la 1Âª #TechTalks en #Valencia!ğŸ™Œ Un encuentro con @LORIOTio @sesamehr_ y @feending en el que nos contarÃ¡n su visiÃ³n de negocio ligada a la tecnologÃ­a y debatiremos sobre la importancia de perfiles digitales ğŸŸÂ¡Saca ya tu entrada!ğŸ‘‡@uchceu  https://t.co/42tVP5NZ4Y,2022-06-20,0,1,1,
1536966880866586626,Hoy @TheBridge_Tech a las 18:00: Taller Data Science Valencia: Mi primera aplicaciÃ³n de web de IA  https://t.co/DbwCfYaaX3,2022-06-15,1,0,1,
1536745017036918793,AquÃ­ estamos ğŸ˜Š a punto de comenzar #LPCxMAD con @MercadonaTech en @TheBridge_Tech  Ga-na-zas!! ğŸ™Œ  https://t.co/Z35gVk2i1x,2022-06-14,1,1,4,
1536710498712006660,"Â¡Lanzamos las becas @viewnext para estudiar #Cloud &amp; #DevOps â˜ï¸! Si quieres formarte en una profesiÃ³n con futuro y alta demanda, infÃ³rmate sobre las becas para estudiar un #bootcamp en @TheBridge_Tech ğŸ™Œ Solicita la tuya â¡  https://t.co/pvfZneLd1d  https://t.co/li3VtNpZDo",2022-06-14,0,0,1,
1536427396437577728,"@HeavyMental_es @TheBridge_Tech @Atorrerus @Mulder01198676 @joansabater @PesetJairo @pelayoarbues @adriskou @estodopornada No ha podido ser, otra vez serÃ¡.  Gracias en cualquier caso por la iniciativa ğŸ˜‰",2022-06-13,0,0,2,
1536365482680401921,@HeavyMental_es @TheBridge_Tech @Atorrerus @joansabater @PesetJairo @pelayoarbues @adriskou @estodopornada EstÃ¡n cotizadÃ­simas!... las entradas  @HeavyMental_es son el Dogecoin del universo podcasting. #Tothemoooooon  https://t.co/Ddn73iUJ0y,2022-06-13,0,0,2,
1536361884009615361,@HeavyMental_es @TheBridge_Tech @Atorrerus @Mulder01198676 @joansabater @PesetJairo @adriskou @estodopornada yo que iba a hacer reventa...,2022-06-13,0,0,2,
1536321996367224838,@HeavyMental_es @TheBridge_Tech @Atorrerus @Mulder01198676 @joansabater @pelayoarbues @adriskou @estodopornada Gracias por intentarlo pero las seÃ±ales me dicen que no debÃ­a estar (mala suerte que trabajando 3h sueltas los lunes me haya pillado trabajando xdd). Me tocarÃ¡ esperarme a la ediciÃ³n de Valencia ğŸ”¥ğŸ¤˜ğŸ˜‰,2022-06-13,0,0,0,
1536313018321190912,Lo conseguÃ­!!! Gracias @TheBridge_Tech  @HeavyMental_es,2022-06-13,0,0,1,https://twitter.com/TheBridge_Tech/status/1536310176801857538
1536311923423203331,@TheBridge_Tech @HeavyMental_es @Alienta Â¡Y yo! Que buena forma de empezar la semana.,2022-06-13,0,0,1,
1536310998319210496,@TheBridge_Tech @HeavyMental_es @Alienta Â¡La tengo!,2022-06-13,0,0,2,
1536310702876549123,Lo prometimos y han llegado gracias a @TheBridge_Tech ... Ãºltimas entradas para el podcast 27 en directo :D  cc @Atorrerus @Mulder01198676 @joansabater @PesetJairo @pelayoarbues @adriskou @estodopornada,2022-06-13,2,4,6,https://twitter.com/TheBridge_Tech/status/1536310176801857538
1536310176801857538,"Â¡Ãšltimas1âƒ£0âƒ£entradas! El lunes 27 de junio acogeremos la grabaciÃ³n de ""El sentido de la vida ya no es 42"" un episodio del podcast de @HeavyMental_es, donde presentarÃ¡n ""El pequeÃ±o libro de la filosofÃ­a estoica"" de @Alienta Si quieres asistir como pÃºblicoğŸ‘‰ https://t.co/Vp0zHYIRua",2022-06-13,2,6,4,https://twitter.com/HeavyMental_es/status/1535571536186335233
1536267654717132801,"@HeavyMental_es @PesetJairo @TheBridge_Tech @GuillermoDeHaro @Recuenco @Alienta Inocente de mi, que lo daba por hecho...",2022-06-13,0,0,2,
